{
  "$schema": "https://developer.microsoft.com/json-schemas/core-build/serve.schema.json",
  "port": 4321,
  "https": true,
  "serveConfigurations": {
    "default": {
      "pageUrl": "https://yorcloud.sharepoint.com/Lists/Ages/AllItems.aspx",
      "fieldCustomizers": {
        "Age": {
          "id": "f7616e9c-09e4-4bfe-bae3-7698c251fc8c",
          "properties": {
            "sampleText": "Value"
          }
        }
      }
    },
    "progressBarFieldCustomizer": {
      "pageUrl": "https://yorcloud.sharepoint.com/Lists/Ages/AllItems.aspx",
      "fieldCustomizers": {
        "Age": {
          "id": "f7616e9c-09e4-4bfe-bae3-7698c251fc8c",
          "properties": {
            "sampleText": "Value"
          }
        }
      }
    }
  }
}
